<CanvasWidget xmlns="runtime-namespace:Game">

  <RectangleWidget FillColor="0, 0, 0, 192" OutlineColor="0, 0, 0, 0" IsHitTestVisible="true" />

  <CanvasWidget Size="700, 400" ClampToBounds="true" HorizontalAlignment="Center" VerticalAlignment="Center">
    <RectangleWidget FillColor="0, 0, 0, 255" OutlineColor="128, 128, 128, 128" OutlineThickness="2" />
    <StackPanelWidget Direction="Vertical" HorizontalAlignment="Center" VerticalAlignment="Center" Margin="0, 25">
      
	  <LabelWidget Name="Cuboid" Text="Cuboid" HorizontalAlignment="Center" Color="127,255,127" Margin="0, 10"/>
	  <!-- 交互界面-->
      <StackPanelWidget Direction="Horizontal" HorizontalAlignment="Center">
	    <BlockIconWidget Name="Block" Size="50, 50" VerticalAlignment="Center" HorizontalAlignment="Center" Contents="1" />
        <CanvasWidget Size="360, 50" VerticalAlignment="Center">
		  <RectangleWidget FillColor="0, 0, 0, 255" OutlineColor="128, 128, 128, 128" />
          <TextBoxWidget Name="BlockID" Title="BlockID" Text="2" Size="360, 50" Description="" VerticalAlignment="Center" MaximumLength="16" Margin="10, 0"/>
        </CanvasWidget>
		<BevelledButtonWidget Name="SelectBlock" Size="60, 50" Text="..." VerticalAlignment="Center"/>
      </StackPanelWidget>
<!-- /交互界面-->
      <StackPanelWidget Direction="Horizontal" HorizontalAlignment="Center">
	    <BevelledButtonWidget Text="实心" Size="240, 50" Name="Solid"/>
	    <BevelledButtonWidget Text="空心" Size="240, 50" Name="Hollow"/>
      </StackPanelWidget>
	  
      <StackPanelWidget Direction="Horizontal" HorizontalAlignment="Center">
	  	<BevelledButtonWidget Text="框架" Size="240, 50" Name="Edges"/>
        <BevelledButtonWidget Text="取消" Size="240, 50" Name="Cancel"/>
      </StackPanelWidget>
	  
    </StackPanelWidget>
	
  </CanvasWidget>

</CanvasWidget>