;DefaultDisplayName;DefaultCategory;Behaviors;DisplayOrder;DefaultIconBlockOffset;DefaultIconViewOffset;DefaultIconViewScale;FirstPersonScale;FirstPersonOffset;FirstPersonRotation;InHandScale;InHandOffset;InHandRotation;CraftingId;DefaultCreativeData;IsCollidable;IsPlaceable;IsDiggingTransparent;IsPlacementTransparent;DefaultIsInteractive;IsEditable;IsNonDuplicable;IsGatherable;HasCollisionBehavior;KillsWhenStuck;IsFluidBlocker;IsTransparent;DefaultShadowStrength;LightAttenuation;DefaultEmittedLightAmount;ObjectShadowStrength;DefaultDropContent;DefaultDropCount;DefaultExperienceCount;RequiredToolLevel;MaxStacking;SleepSuitability;FrictionFactor;Density;NoAutoJump;NoSmoothRise;FuelHeatLevel;FuelFireDuration;DefaultSoundMaterialName;ShovelPower;QuarryPower;HackPower;DefaultMeleePower;DefaultMeleeHitProbability;DefaultProjectilePower;ToolLevel;PlayerLevelRequired;Durability;IsAimable;IsStickable;AlignToVelocity;ProjectileSpeed;ProjectileDamping;ProjectileTipOffset;DisintegratesOnHit;ProjectileStickProbability;DefaultHeat;FireDuration;ExplosionResilience;DefaultExplosionPressure;DefaultExplosionIncendiary;IsExplosionTransparent;DigMethod;DigResilience;ProjectileResilience;DefaultNutritionalValue;DefaultSicknessProbability;FoodType;DefaultRotPeriod;DefaultTextureSlot;DestructionDebrisScale;DefaultDescription
AlchemyTableBlock;Soporte de alquimia;Items;;112;0,0,0;1, 1, 1;1;0.4;0.5, -0.5, -0.6;0, 40, 0;0.3;0,0.12,0;0, 0, 45;alchemytable;0;TRUE;TRUE;FALSE;FALSE;TRUE;FALSE;FALSE;FALSE;FALSE;FALSE;FALSE;TRUE;12;0;0;1;#;1;;0;1;0.5;1;0.5;FALSE;FALSE;1;5;Wood;1;1;1;1;;1;1;;-1;FALSE;FALSE;FALSE;0;;0;FALSE;0;;20;5;;;FALSE;Hack;5;1;;;;;4;1;La mesa de alquimia está equipada con un dispositivo de microcalentamiento y varios recipientes de vidrio, por lo que puedes usarlo para configurar fácilmente la poción.
AlchemyBottleBlock;药剂瓶;Items;ABottleBlockBehavior;666;0,0.5,0;1, 1, 1;1.5;0.4;0.5, -0.3, -0.6;0, 0, 0;0.3;-0.02,0,0;0, 0, 0;alchemybottle;0;TRUE;FALSE;FALSE;FALSE;FALSE;FALSE;FALSE;FALSE;FALSE;FALSE;TRUE;FALSE;15;0;0;0;;1;;0;40;0;1;3;FALSE;FALSE;0;0;;1;1;1;2;;2;1;;-1;true;FALSE;FALSE;10;0.8;0.1;FALSE;0;;0;;;;;;;1;;;;;195;1;
ACItemsBlock;炼金原料;炼金原料;;667;0,0,0;0, 0, 1;0.8;0.2;0.5, -0.5, -0.6;0, -70, 0;0.15;0,0.12,0;-45, -90, 0;acitems;0;FALSE;FALSE;FALSE;FALSE;FALSE;FALSE;FALSE;FALSE;FALSE;FALSE;FALSE;FALSE;15;0;0;0;;;;;100;0;1;0.5;FALSE;FALSE;1;1;;1;1;1;1;;0.1;6;;-1;FALSE;FALSE;true;0;;0;true;0;;0;;;;;;;;;;;;211;0.01;

